ph,temperature,turbidity,fish,Fish_Weight,Feed
6.0,27.0,4.0,katla,1.2051689735274345,0.03205881155288691
7.6,28.0,5.9,sing,1.868658526507727,0.05238184252970611
7.8,27.0,5.5,sing,0.17708218621070398,0.003758253115066734
6.5,31.0,5.5,katla,0.18136967543110227,0.0059819987763767395
8.2,27.0,8.5,prawn,1.2039312463722904,0.032646514069189135
6.9,25.0,4.0,katla,1.8356229739602892,0.046373863278520895
7.3,30.0,4.0,katla,1.8254779130928886,0.055655650403128504
7.2,29.0,4.0,katla,0.25960151944657156,0.007289342437337946
7.5,32.0,4.0,katla,1.463812264822794,0.04761145043400661
7.7,22.0,6.0,rui,1.5076882852235494,0.031047645500198034
7.9,29.0,5.5,rui,0.5011460784399052,0.014431904127219498
8.9,27.0,7.5,rui,0.6316164123867681,0.01571156169113655
8.8,30.0,6.8,rui,0.9233278452095244,0.028134626296450155
8.4,25.0,5.0,rui,0.2093430596846222,0.005675594155052776
6.1,31.0,4.9,rui,0.6456724246232186,0.01919606550273554
5.5,18.0,5.0,koi,1.6027859755854104,0.02814495825962527
7.1,23.0,5.5,koi,1.4161748216631724,0.03249830256093931
6.2,19.0,6.1,koi,1.468627296987872,0.0270190627278889
6.8,22.0,5.9,koi,0.2339867864210821,0.006238825505593267
5.9,21.0,6.0,koi,1.2471105001521328,0.02452133281934794
7.5,29.0,6.0,prawn,1.1825870643152556,0.03280533378552685
8.2,27.0,8.5,prawn,0.6366596503225953,0.015723247701302148
8.3,30.0,5.3,prawn,1.1676915837838457,0.035823759643611924
7.3,32.0,5.8,prawn,0.731432526746618,0.02315026412185682
7.9,29.0,7.2,prawn,0.8404959772189315,0.02290836910768595
7.8,27.0,5.6,sing,0.7638920716541013,0.01992030771902996
7.5,31.0,7.2,sing,0.19405637188056404,0.006844647744065093
7.9,25.0,5.6,sing,1.2731661761809545,0.03136798667300447
8.5,32.0,6.0,sing,1.4156993512280547,0.045389250308569266
8.1,29.0,7.2,sing,1.1049999813985343,0.03165824810764392
7.9,28.0,6.1,sing,1.6089445710256323,0.04554522659016138
8.5,30.0,3.0,pangas,0.40860204745333595,0.01225172618365438
7.4,29.0,3.7,pangas,0.4663165508088667,0.014494188773400554
7.8,25.0,3.9,pangas,0.7674838697657494,0.01767935804322854
8.0,27.0,3.8,pangas,0.7179761134321796,0.0189805404438839
6.5,21.0,5.0,tilapia,1.5553137611709733,0.0332111634218308
5.9,25.0,5.5,tilapia,1.5604724639561898,0.039843264684463094
5.6,27.0,6.8,tilapia,1.4387646120595603,0.04044703981067448
7.1,28.0,6.1,tilapia,0.8325972754004524,0.023777988291099242
6.8,27.0,7.2,tilapia,1.532139949211368,0.04219378427329815
8.6,31.0,3.3,pangas,1.8669353684139935,0.05847452209891967
8.5,31.0,3.5,pangas,1.4433543129238597,0.04529275596881877
8.6,31.0,3.0,pangas,0.910123487332831,0.02893639106471124
7.1,28.0,6.1,tilapia,0.1950513893722181,0.005988665222660787
8.3,31.0,5.3,prawn,0.27211674080999104,0.007801818859959559
7.0,30.0,6.0,silverCup,1.4369268240998898,0.042789515748148335
7.4,30.0,6.2,pangas,0.7134585720373352,0.02085468225916794
7.8,28.0,6.0,pangas,1.4276861839397725,0.040588454849666486
7.7,28.0,6.5,prawn,1.7422700945723213,0.04828373131149109
8.2,30.0,8.0,prawn,0.25696564559259216,0.008231348399280027
7.9,26.0,6.0,prawn,1.0342985310514128,0.026079815381839483
7.5,31.0,6.2,prawn,0.23426460205085653,0.007009504524253693
7.8,27.0,7.0,prawn,1.6247129116336259,0.04472040565718534
5.7,32.0,4.08,koi,1.749140731533684,0.055600241158419404
7.0,31.0,4.05,koi,1.583422365048157,0.048733436892808756
6.2,29.0,4.0,koi,1.5609111608366895,0.04357595943136616
6.6,25.0,4.13,koi,1.9790303811797294,0.048954572977900124
6.0,26.0,4.11,koi,1.675234774873776,0.04410390171281472
8.2,30.0,6.8,pangas,1.0500050916998331,0.029767908156945702
7.6,31.0,6.7,pangas,0.34686646499153695,0.009012408582558267
7.8,27.0,5.7,pangas,0.7928748670856174,0.021097087250178923
8.0,28.0,5.9,pangas,0.19280627501577333,0.005183587903730098
8.0,25.0,4.0,katla,1.7205053078038655,0.04330073526299076
8.2,31.0,4.0,katla,0.42581470268200794,0.013577584826782823
8.1,28.0,4.0,katla,1.9907731115598613,0.0542030329196562
8.5,32.0,4.0,katla,1.927740075762301,0.06009460186132644
8.0,27.0,4.0,katla,0.34682015213265,0.009789625724931028
6.2,26.0,4.1,katla,0.765512059430087,0.021450216085432655
6.9,30.0,4.13,katla,1.2643085930191624,0.0382182896061186
6.5,28.0,4.12,katla,0.155192359963854,0.0022513958238394157
7.9,30.0,4.0,prawn,1.8947752110244076,0.05668970699132986
7.8,28.0,4.11,prawn,1.3044243927656207,0.03648022334965689
6.0,26.0,4.01,koi,0.9917205307632013,0.026291770345645973
7.0,28.0,4.12,koi,1.0419363844132086,0.028330068338128685
7.6,29.0,4.13,koi,1.799305502139091,0.05316719146433402
8.0,31.0,4.15,koi,1.7220228399441067,0.05401577284642173
8.5,30.0,4.0,koi,1.6555038298404687,0.050221380597168075
6.1,24.0,3.0,tilapia,1.3577123481012534,0.03286677159139295
6.2,25.0,4.0,tilapia,0.732661339216624,0.019020579726906003
6.3,26.0,3.5,tilapia,1.4270635656430393,0.038085854515160965
6.4,24.0,4.1,tilapia,0.9627271621389523,0.021369486752870464
6.5,26.0,4.2,tilapia,0.3495627631269201,0.008499030981520508
6.6,26.0,4.3,tilapia,0.8552127602561046,0.022839562163037615
6.7,25.0,4.5,tilapia,1.2433480236911767,0.030179950499078317
6.8,26.0,3.1,tilapia,0.7501621728117701,0.01833770487622135
7.0,25.0,3.2,tilapia,0.3420847999564428,0.00987046301150302
7.5,24.0,3.3,tilapia,1.5417477265273674,0.03633169538858991
7.8,25.0,3.4,tilapia,0.340003588202042,0.00791790286934681
7.9,26.0,3.5,tilapia,0.8613655875285339,0.023067335737978156
8.0,26.0,3.6,tilapia,1.2446520581819303,0.031256494191358425
8.2,24.0,3.7,tilapia,0.389360117688884,0.009782684363728514
8.3,25.0,3.8,tilapia,1.8981473383573093,0.048248254977817866
7.2,26.0,3.9,tilapia,0.9524784327787966,0.025478119317076057
7.4,26.0,3.0,tilapia,1.4852653154502415,0.03925073838822425
8.9,27.0,3.0,tilapia,0.7909571849197583,0.021693359512498556
9.0,28.0,3.3,tilapia,1.2646058131017066,0.03623704234821626
7.0,30.0,4.0,pangas,1.2907303476479481,0.03961116528019624
7.4,31.0,3.0,pangas,1.1653271166958294,0.03704156446391341
7.3,25.0,2.0,pangas,0.947681721906252,0.02359579067221781
7.5,27.0,1.0,pangas,1.7274605094610012,0.045517810007899645
7.2,28.0,5.0,pangas,0.9024020073819151,0.02693567758604596
6.5,30.0,3.8,pangas,1.3758022489072104,0.040090741748464574
6.8,29.0,3.7,pangas,0.48436143289763467,0.01388529461158725
8.5,27.0,2.5,pangas,1.8278557672301425,0.04863768013660173
9.0,28.0,3.5,pangas,0.6999838405742258,0.019025934888658416
7.0,5.0,5.0,karpio,1.581533804061217,0.007998663810364567
7.1,10.0,6.0,karpio,1.3804132154551165,0.014552443083049836
7.2,15.0,7.0,karpio,1.0557641367494424,0.015689043487039363
7.3,20.0,8.0,karpio,1.1168537542806423,0.022360395233700585
7.5,25.0,9.0,karpio,0.547773430797806,0.014141630204752157
7.4,26.0,10.0,karpio,0.2106421886307659,0.006448036329092918
7.0,28.0,5.5,karpio,0.3198781457500417,0.008461982640617021
7.1,30.0,6.5,karpio,0.4553127086312332,0.013054784364903552
7.2,12.0,7.5,karpio,1.5922022069575268,0.01982662750870209
7.3,13.0,8.5,karpio,1.7319665462712241,0.0209398951467919
7.5,14.0,9.5,karpio,1.8081440371270612,0.02564394330159834
7.4,18.0,5.2,karpio,1.217365860953556,0.022637530815702
7.0,22.0,6.2,karpio,1.8792887482655147,0.04152940375915556
7.1,31.0,7.2,karpio,0.5884795796030403,0.017956703558628884
7.2,19.0,8.2,karpio,1.0864195822810947,0.021868748476282594
7.3,7.0,9.2,karpio,0.43671552072660813,0.002419692006684657
7.5,8.0,5.3,karpio,0.4143508105162309,0.0030598731780290484
7.4,9.0,6.3,karpio,0.9584791035286814,0.009259717728070225
7.0,11.0,7.3,karpio,0.8601018609252922,0.010322079383876932
7.1,16.0,8.3,karpio,1.689396093627411,0.027173106913403237
7.2,17.0,9.3,karpio,1.190627720218703,0.020746798573601535
7.3,18.0,5.4,karpio,0.5496471238745108,0.00956590714731079
7.5,23.0,6.4,karpio,0.9534448326668414,0.021187981813139623
7.4,25.0,7.4,karpio,0.6997759232365939,0.017821728830908608
7.0,27.0,8.4,karpio,1.8544599504623729,0.05076826261514355
7.1,28.0,9.4,karpio,1.8039257181217272,0.050056005592621966
7.2,4.0,9.3,karpio,0.9759423164014617,0.003972268295723301
7.3,6.0,9.3,karpio,1.515871540218061,0.01016746297186538
7.5,21.0,9.3,karpio,0.790994253408383,0.01691608622559416
7.4,29.0,8.0,karpio,1.1972133534028653,0.034370009391137275
7.0,33.0,8.7,karpio,0.6631595631664627,0.021233471521813485
7.1,34.0,8.6,karpio,1.8735222703660648,0.06346611019355479
7.2,35.0,8.4,karpio,1.8559688082284023,0.06526606977248357
7.1,22.0,8.0,magur,0.7111531657511863,0.016844745427326644
7.2,21.0,8.0,magur,0.222166006991534,0.004400052028825807
7.3,22.0,7.6,magur,1.402826939313806,0.03186554841362556
7.4,23.0,7.5,magur,1.7597105194690164,0.039868513724999194
7.1,24.0,7.4,magur,1.277473826021592,0.032493530950177
7.2,25.0,7.0,magur,1.6229154264855852,0.039457312592737735
7.3,26.0,7.3,magur,1.6869117057973504,0.04369568645802857
7.4,27.0,8.0,magur,1.1795333358835252,0.03249330405869874
7.1,28.0,8.0,magur,0.44415630745059875,0.009894503587331148
7.2,29.0,8.0,magur,0.16026764074768354,0.004358342091232058
7.3,30.0,8.0,magur,1.2090452502699738,0.03603852531398844
7.1,23.0,4.06,rui,1.3689245134632553,0.029771394448921715
7.2,24.0,4.07,rui,0.5528833346152007,0.012624963239924562
7.3,25.0,4.08,rui,0.8831740611472921,0.024038606173759424
7.4,26.0,4.09,rui,1.7370185898928463,0.04400743218498094
7.5,27.0,5.0,rui,1.6600568656777925,0.045004993217953086
7.6,28.0,5.01,rui,0.314993029049514,0.008877744169804334
7.7,29.0,5.02,rui,1.2016926782641064,0.03847393630468162
7.8,30.0,5.03,rui,0.4638031644383799,0.01351971280742213
7.9,31.0,5.04,rui,0.3361897463915148,0.012817910163440424
8.0,32.0,5.05,rui,0.48892744642352903,0.015818511450819164
8.1,33.0,5.06,rui,1.7440395121068246,0.056861718405151085
8.2,34.0,5.07,rui,1.4351916849757593,0.04855944892864719
8.3,35.0,5.08,rui,0.12745716209202235,0.0055673381358727955
7.8,27.0,5.7,sing,0.45438611540089535,0.014494406750785678
7.5,31.0,5.8,sing,1.9706801411448736,0.06160620183162166
7.9,25.0,5.9,sing,1.8797313904106259,0.046678815433854375
8.5,32.0,7.0,sing,0.7106434054729902,0.021139361589300236
6.5,28.0,7.1,sing,0.29829044952334827,0.008496675984839618
6.6,29.0,7.2,sing,0.9261763426202125,0.026383095081338074
6.8,30.0,7.3,sing,1.7251334107342078,0.050972869006793646
6.9,31.0,7.4,sing,1.5667056627638538,0.0479185093224152
7.0,26.0,7.5,sing,1.6475599966640297,0.043105287373384656
7.4,18.0,14.5,shrimp,1.8638256810888318,0.03177335989138585
7.9,32.0,14.6,shrimp,1.8646833773969813,0.05989265192340432
7.5,19.0,14.7,shrimp,1.7480524890835647,0.034145092494611604
7.6,20.0,14.8,shrimp,1.099373824513719,0.021911557903041903
7.7,21.0,14.9,shrimp,1.429060394833136,0.030859376679073784
7.8,22.0,15.1,shrimp,1.9109961659131172,0.040444559284547196
7.9,23.0,15.2,shrimp,0.7103383291959517,0.01668106437408923
7.4,24.0,15.0,shrimp,0.9271750083034478,0.022931072619153045
7.9,25.0,15.3,shrimp,0.4239723584863889,0.011641348284636834
7.5,26.0,15.4,shrimp,1.1604575945405997,0.029475656609012427
7.6,27.0,15.5,shrimp,0.5073639681748023,0.013954728770427213
7.7,28.0,15.7,shrimp,1.3567075605523418,0.03876523455996067
7.8,29.0,15.8,shrimp,1.1248601982781232,0.031227266813362943
7.9,30.0,15.19,shrimp,0.6105572967766577,0.01720492255606905
7.6,32.0,5.0,silverCup,0.9194614827950661,0.030474269043469105
8.5,28.0,5.6,silverCup,0.15913153312780126,0.0035932581818305664
7.6,32.0,6.1,silverCup,0.12758346589715175,0.005349087675147296
8.8,25.0,7.0,silverCup,1.9815520175073416,0.05012628605284446
7.0,29.0,5.9,silverCup,0.27307197777007985,0.006580708683132115
8.6,30.0,6.5,silverCup,1.8971791742063968,0.05703900806095004
7.67,17.62,3.56,tilapia,1.6256572666500102,0.0290029425253401
8.39,17.5,3.56,tilapia,1.5229185343784737,0.02656736285611282
8.24,17.56,3.55,tilapia,1.2445423539355656,0.02430312720755528
8.26,17.75,3.55,tilapia,1.6338613741785446,0.029624652034123084
8.23,17.56,3.55,tilapia,0.29962849630501676,0.005395143085097663
8.31,17.69,3.56,tilapia,1.9555508256271965,0.03499861786926486
8.38,17.69,3.56,tilapia,0.9645677440179887,0.015772823030718156
7.84,17.56,3.57,tilapia,1.5922934039522554,0.029514704329426135
6.7,17.5,3.56,tilapia,1.7065542554334616,0.03070326572845828
6.02,17.62,3.57,tilapia,0.7827281547402497,0.012800607675909067
8.16,17.62,3.55,tilapia,1.3332780158504,0.02316677176322706
8.23,17.56,3.55,tilapia,0.5164766446732886,0.009246848125958001
7.96,17.62,3.56,tilapia,0.1725202893668924,0.0034957332989141087
7.79,17.75,3.56,tilapia,1.2080100381614123,0.020791790051950337
7.88,17.75,3.55,tilapia,1.8349463761716907,0.03189457675947693
7.84,17.69,3.55,tilapia,1.411329044535171,0.02477463532665718
8.18,17.69,3.56,tilapia,1.7451557554743253,0.0299787870258005
8.16,17.75,3.56,tilapia,1.8696614677754286,0.033426262949017856
8.32,17.56,3.56,tilapia,1.9011560239590317,0.033422029987048976
8.23,17.56,3.56,tilapia,1.9223286623045877,0.034177980838391346
8.65,17.75,3.44,tilapia,1.930251860213901,0.03414148022675189
8.66,17.87,3.45,tilapia,0.4256726661214729,0.00817631902230077
8.74,17.94,3.41,tilapia,1.453739139148352,0.02645477567936565
8.57,17.87,3.46,tilapia,1.024094615728044,0.01891763330665526
8.62,17.81,3.47,pangas,0.484593602335293,0.010540155687992294
8.69,17.94,3.48,pangas,0.46299637060789955,0.008158963176069144
8.73,17.81,3.45,pangas,1.0418532585814415,0.01811849951289411
8.63,17.94,3.46,pangas,0.9463060619114527,0.01757927058953705
8.66,17.94,3.44,pangas,0.8968716365824866,0.0169787765570845
8.75,18.0,3.47,pangas,0.5548833247202393,0.010708396003164634
8.77,17.94,3.47,pangas,0.3119207483520262,0.004594822200589874
8.78,18.0,3.48,pangas,1.5932925592208593,0.02911498124813857
8.81,17.94,3.43,pangas,1.354033104410332,0.024880501641158355
8.79,18.0,3.46,pangas,0.7857272470869613,0.014101223026689176
8.87,18.0,3.46,pangas,0.48299722350490426,0.006757589286477425
8.8,17.81,3.48,pangas,0.3020179768072381,0.005679964398132328
8.78,17.87,3.48,pangas,1.0540323163014795,0.018501557004447982
8.8,18.0,3.49,pangas,1.5064042230326005,0.027599927329302158
8.79,17.94,3.5,tilapia,1.4519691813438147,0.025500645397688006
8.79,17.94,3.5,tilapia,0.3832051152602256,0.00933700818985185
6.02,21.0,3.48,rui,1.6643893715028946,0.035598039859076086
6.01,21.0,3.49,rui,0.8516156719495718,0.017238870750689816
6.0,21.0,3.48,rui,0.3673316517384422,0.008522637889320131
6.09,21.06,3.48,rui,0.8115137208733253,0.017953308933599407
6.93,21.0,3.47,rui,1.03787057531224,0.02153468709313423
6.42,20.94,3.47,rui,1.5176622748254895,0.03142656865950289
6.48,21.0,3.46,rui,1.3641266863909742,0.02719445330757463
7.0,21.0,3.46,rui,1.9746646287434813,0.04199201534791749
7.27,21.06,3.45,rui,0.5727496171821925,0.014072937417731357
7.24,21.0,3.44,rui,0.3649074041568283,0.006460293853547293
7.11,21.06,3.45,rui,0.528837929764184,0.013138916967714862
7.6,20.94,3.45,rui,1.1799473776360385,0.024698188932759043
7.83,20.87,3.43,rui,0.9128007708227047,0.019095470423564267
7.75,21.06,3.41,rui,0.5664046374505691,0.011829388348783075
7.5,20.87,3.37,rui,1.3520008111746964,0.027874188376605026
7.07,20.87,3.36,rui,0.2735688849064325,0.005216044527451875
6.99,21.06,3.35,rui,1.868625844612772,0.03873658184674278
6.87,21.06,3.33,rui,1.4382305969924158,0.03001432972210899
6.68,21.0,3.32,rui,0.7327906362538837,0.01444786057216417
6.95,21.06,3.31,rui,1.056781551894798,0.020359677276028495
8.3,21.44,3.62,katla,1.7730232131500554,0.03714208341846094
8.15,21.5,3.62,katla,1.5068679982904991,0.03364898197563111
8.09,21.37,3.62,katla,0.30460639805784245,0.00449126168271094
7.99,21.44,3.61,katla,1.6703713021353672,0.0367099326726516
7.92,21.5,3.61,katla,1.8172050413701606,0.0398193445896933
7.96,21.37,3.61,katla,0.6244249111934606,0.013247134820646846
7.87,21.25,3.61,katla,0.903262125733412,0.01761202785862856
7.7,21.31,3.6,katla,1.0893907933872187,0.023175298859446473
7.54,21.12,3.6,katla,1.0867285184863813,0.02218588308283636
7.5,21.25,3.6,katla,0.41248181799298045,0.01091798133002254
7.43,21.19,3.61,katla,0.43630428766393525,0.009279910942825167
7.42,21.12,3.61,shrimp,0.8722003853169676,0.018069417575430347
7.26,21.25,3.62,shrimp,0.4956391987805384,0.01066444573966946
6.95,21.19,3.62,shrimp,1.2305885737003701,0.025494698883786984
6.78,21.25,3.62,shrimp,0.4682429465862784,0.009960849217077064
6.92,21.06,3.6,shrimp,0.8771293723693909,0.018304469974537375
6.87,21.19,3.6,shrimp,0.11922199895115937,0.001777134307260133
6.51,21.19,3.61,shrimp,0.8411980661134593,0.01816726758446924
7.02,21.25,3.61,shrimp,1.7832620409961533,0.037266889696028004
6.8,21.25,3.61,shrimp,1.0561614339072327,0.024849234294652304
6.02,21.06,3.56,silverCup,1.0827695180694286,0.02230943445830415
6.01,21.09,3.56,silverCup,1.2179024226825277,0.026623789696829735
6.0,21.12,3.56,silverCup,0.13031213473240738,0.002329409582438638
6.09,21.06,3.56,silverCup,1.460232074235343,0.0319697431507602
6.93,21.12,3.57,silverCup,0.7470600678091184,0.016976233041543293
6.42,21.19,3.57,silverCup,1.441435170164822,0.030275650871763742
6.48,21.19,3.57,silverCup,1.337997889687028,0.028960466395700102
7.0,21.12,3.57,silverCup,1.829756768408541,0.038619008808213166
7.27,21.19,3.57,silverCup,1.4385931533415883,0.03090422750682326
7.24,21.06,3.56,silverCup,0.6912620074881279,0.015097931952155403
7.11,21.25,3.56,silverCup,1.431543711176332,0.03135213737870002
7.6,21.12,3.56,silverCup,1.7316733215110305,0.03944872431346231
7.83,21.06,3.56,sing,0.7421324797335882,0.01571583829017362
7.75,21.25,3.57,sing,0.6051267145631058,0.012067523667324066
7.5,21.06,3.57,sing,1.0094765256940434,0.02118864219071642
7.07,21.12,3.57,sing,0.7707966968356126,0.018433679421689334
6.99,21.19,3.56,sing,0.9715260969889419,0.019953914164586074
6.87,21.0,3.56,sing,1.2747855909689874,0.02755491242654632
6.68,21.19,3.58,sing,0.4127252300052696,0.0074140068730500774
6.95,21.12,3.58,sing,1.803544724720114,0.03894710625848665
7.67,17.62,3.56,tilapia,1.5085820210301508,0.027831657261654454
8.39,17.5,3.56,tilapia,0.5413339062934374,0.009746927533980536
8.24,17.56,3.55,tilapia,0.5714821820843566,0.01025349467735878
8.26,17.75,3.55,tilapia,1.7621133944711462,0.03242751134317925
8.23,17.56,3.55,tilapia,0.29276944220404116,0.0060490971788094115
8.31,17.69,3.56,tilapia,0.6983652811623406,0.012531267995629885
8.38,17.69,3.56,tilapia,1.908634359298,0.03207573488295918
7.84,17.56,3.57,tilapia,1.3594205335187148,0.025963127408716348
6.7,17.5,3.56,tilapia,1.9462902638609056,0.03262502509843717
6.02,17.62,3.57,tilapia,1.9179501503147989,0.0348508489457943
8.16,17.62,3.55,tilapia,0.25359804988063267,0.005025446445301442
8.23,17.56,3.55,tilapia,0.9725874847599718,0.017254372994204976
7.96,17.62,3.56,tilapia,1.8627571540518235,0.03460495095681594
7.79,17.75,3.56,tilapia,0.8201296040300727,0.016455636441490656
7.88,17.75,3.55,tilapia,0.4001117499815613,0.007398058599526361
7.84,17.69,3.55,tilapia,0.13602418633670538,0.0027850792633324125
8.18,17.69,3.56,tilapia,0.26361975091787593,0.0033528836526771897
8.16,17.75,3.56,tilapia,1.4096425142134932,0.02432224255866076
8.32,17.56,3.56,tilapia,1.4714884198385476,0.026013677960551783
8.23,17.56,3.56,tilapia,1.2908907547207569,0.021232376848064945
8.65,17.75,3.44,tilapia,1.2995832428715695,0.023842795896679914
8.66,17.87,3.45,tilapia,1.0643999910804074,0.018899616509459715
8.74,17.94,3.41,tilapia,0.18304189910732982,0.006147404195131609
8.57,17.87,3.46,tilapia,0.7232804275042128,0.013796738714315106
8.62,17.81,3.47,pangas,1.7650885043018574,0.03010426423888653
8.69,17.94,3.48,pangas,0.7422156325409516,0.012810523643893588
8.73,17.81,3.45,pangas,0.14879249065895084,0.0040335436060192345
8.63,17.94,3.46,pangas,0.7369425852209475,0.014276647349754007
8.66,17.94,3.44,pangas,1.6773616105754454,0.02938986555038218
8.75,18.0,3.47,pangas,1.6625772742634484,0.029076906642094807
8.77,17.94,3.47,pangas,0.43057952551124923,0.00793518004414805
8.78,18.0,3.48,pangas,1.2041775545608824,0.022233524521678063
8.81,17.94,3.43,pangas,1.1588469301362643,0.0215133293295855
8.79,18.0,3.46,pangas,0.3854729201242544,0.007416981347281637
8.87,18.0,3.46,pangas,0.17596260817456613,0.003556304386234344
8.8,17.81,3.48,pangas,0.3277773618684692,0.005959815531025715
8.78,17.87,3.48,pangas,1.3171471580638103,0.024077126911083463
8.8,18.0,3.49,pangas,0.6091297651498088,0.010569955860533588
8.79,17.94,3.5,tilapia,1.510911687312245,0.025896248211006136
8.79,17.94,3.5,tilapia,1.7507564722462974,0.029710571618513974
6.02,21.0,3.48,rui,1.2311558727787364,0.026015906450521424
6.01,21.0,3.49,rui,1.7559732580574017,0.035405164612499984
6.0,21.0,3.48,rui,1.3366675473185077,0.028547668156382402
6.09,21.06,3.48,rui,1.077223643139569,0.02281387211149254
6.93,21.0,3.47,rui,1.6656295376478112,0.03533904364190856
6.42,20.94,3.47,rui,0.31588898423342604,0.0068908827501908305
6.48,21.0,3.46,rui,0.5892211978541205,0.012253287311211395
7.0,21.0,3.46,rui,1.1770388031451717,0.026073429888874775
7.27,21.06,3.45,rui,1.2532654335719475,0.02790875258877177
7.24,21.0,3.44,rui,1.8820185788875479,0.040204597567344166
7.11,21.06,3.45,rui,0.10893197406159408,0.0030065850324939745
7.6,20.94,3.45,rui,1.0472718029706602,0.021490106217221895
7.83,20.87,3.43,rui,0.4426554405137073,0.008120722989235532
7.75,21.06,3.41,rui,1.747147100685633,0.03867812523401419
7.5,20.87,3.37,rui,0.3746797474992285,0.007278306729056698
7.07,20.87,3.36,rui,0.5126503332224509,0.009585497095076653
6.99,21.06,3.35,rui,1.0091805753790226,0.020606927976894184
6.87,21.06,3.33,rui,1.8946104758443683,0.03950746995472878
6.68,21.0,3.32,rui,0.7913452427560028,0.015716129004717458
6.95,21.06,3.31,rui,1.4249462389392367,0.029962087781656953
8.3,21.44,3.62,katla,0.3116240750063707,0.008097687715325473
8.15,21.5,3.62,katla,0.6022774322311649,0.010590698235342987
8.09,21.37,3.62,katla,0.4514742069092049,0.009440549062766422
7.99,21.44,3.61,katla,0.9897538779661864,0.020682244044629334
7.92,21.5,3.61,katla,1.4497765525725124,0.031463181368860366
7.96,21.37,3.61,katla,1.5032230420468804,0.030091937408154593
7.87,21.25,3.61,katla,1.7985889649521918,0.03821947405734712
7.7,21.31,3.6,katla,1.3387269998746079,0.02888820407125147
7.54,21.12,3.6,katla,1.426411784486981,0.02909440598182748
7.5,21.25,3.6,katla,1.4510845332709519,0.032259691309771334
7.43,21.19,3.61,katla,1.860059151278866,0.03996557609205426
7.42,21.12,3.61,shrimp,0.3118114935200834,0.006705736005839626
7.26,21.25,3.62,shrimp,0.12712305547781838,0.00044863604011843037
6.95,21.19,3.62,shrimp,0.5921673469174582,0.012222903170370409
6.78,21.25,3.62,shrimp,0.5914169629116768,0.010961858424651666
6.92,21.06,3.6,shrimp,1.546135182275333,0.031562296881673016
6.87,21.19,3.6,shrimp,1.1419627033503643,0.023069081036085914
6.51,21.19,3.61,shrimp,1.4441340289766778,0.031200321667536706
7.02,21.25,3.61,shrimp,0.3715141373875258,0.007881756177641551
6.8,21.25,3.61,shrimp,0.5830484806638578,0.012084604008053054
6.02,21.06,3.56,silverCup,0.2226217697892437,0.004369522501844463
6.01,21.09,3.56,silverCup,1.4788265580190265,0.031663243038662324
6.0,21.12,3.56,silverCup,0.24807255788799842,0.004861816086568936
6.09,21.06,3.56,silverCup,0.40389793294931053,0.009600459316272104
6.93,21.12,3.57,silverCup,0.25733588146140285,0.004295957763986949
6.42,21.19,3.57,silverCup,1.9711760569487873,0.04293206779771928
6.48,21.19,3.57,silverCup,0.11053295777642594,0.0021811909856204966
7.0,21.12,3.57,silverCup,1.7575659838336306,0.03637899720904321
7.27,21.19,3.57,silverCup,0.948781763593647,0.022411136856889634
7.24,21.06,3.56,silverCup,0.341160683321699,0.006933478254702322
7.11,21.25,3.56,silverCup,1.6298814097863594,0.035647831102246036
7.6,21.12,3.56,silverCup,1.159993454111597,0.0261570405064983
7.83,21.06,3.56,sing,1.0492762109495046,0.022757993998752207
7.75,21.25,3.57,sing,0.44510206323082224,0.00825964008033404
7.5,21.06,3.57,sing,0.2908584746633034,0.005691731257968124
7.07,21.12,3.57,sing,1.6268158977131542,0.03520184853155049
6.99,21.19,3.56,sing,0.42401491031600447,0.010400339574250185
6.87,21.0,3.56,sing,0.9639982884355002,0.020458441343431524
6.68,21.19,3.58,sing,1.1171667993986207,0.024223702735886785
6.95,21.12,3.58,sing,0.6911238718840532,0.01597675387136687
7.67,17.62,3.56,tilapia,1.668555929029523,0.027992940279371655
8.39,17.5,3.56,tilapia,1.3691968297469843,0.024443166641556095
8.24,17.56,3.55,tilapia,0.34515300510944213,0.00712173963569134
8.26,17.75,3.55,tilapia,0.6159062505968637,0.010151905757069833
8.23,17.56,3.55,tilapia,1.2277513829460134,0.02378599090071197
8.31,17.69,3.56,tilapia,0.6433479100250139,0.010047004397097915
8.38,17.69,3.56,tilapia,1.5257932362534543,0.027796339944284692
7.84,17.56,3.57,tilapia,0.9529102540559092,0.015985157346830266
6.7,17.5,3.56,tilapia,1.841989738938427,0.0328016391886086
6.02,17.62,3.57,tilapia,1.7794323434127128,0.0315008322310949
8.16,17.62,3.55,tilapia,0.31814011557152844,0.0050974223827448
8.23,17.56,3.55,tilapia,1.9087109444950632,0.03373897230133138
7.96,17.62,3.56,tilapia,1.9724048995082224,0.03349917329480352
7.79,17.75,3.56,tilapia,0.42738732512913247,0.00876239927539354
7.88,17.75,3.55,tilapia,1.5339357155831879,0.02669716441451745
7.84,17.69,3.55,tilapia,0.8004939034212968,0.014696277252812815
8.18,17.69,3.56,tilapia,1.7105348248395285,0.02932001078869727
8.16,17.75,3.56,tilapia,1.8302697956346499,0.033678310598286854
8.32,17.56,3.56,tilapia,1.75115022293053,0.029230811796637036
8.23,17.56,3.56,tilapia,0.907231776007951,0.015133994399994606
8.65,17.75,3.44,tilapia,1.3683609000488854,0.025071050530393463
8.66,17.87,3.45,tilapia,1.0733907608428985,0.018517074331731217
8.74,17.94,3.41,tilapia,1.5387247976711025,0.028756325886288785
8.57,17.87,3.46,tilapia,1.22797369678837,0.02190682383917131
8.62,17.81,3.47,pangas,1.6760938252911248,0.030600395634847653
8.69,17.94,3.48,pangas,1.1490030132144706,0.022439024502026346
8.73,17.81,3.45,pangas,0.9287659329562981,0.015403083859685928
8.63,17.94,3.46,pangas,0.9696607047823239,0.018288358214933836
8.66,17.94,3.44,pangas,0.376391298255661,0.006721279802734405
8.75,18.0,3.47,pangas,1.7642455618065176,0.03281531836656737
8.77,17.94,3.47,pangas,0.5768157871434393,0.011263599701788937
8.78,18.0,3.48,pangas,0.9268151447004234,0.018542342200356537
8.81,17.94,3.43,pangas,0.34282999715334556,0.00447825332938447
8.79,18.0,3.46,pangas,1.3021453170884212,0.023238919505738604
8.87,18.0,3.46,pangas,0.3142066205983365,0.005011051774725649
8.8,17.81,3.48,pangas,0.25205925900044795,0.004756409653147262
8.78,17.87,3.48,pangas,1.5807447351193236,0.026821854869907333
8.8,18.0,3.49,pangas,0.5504548666689034,0.009630514983376845
8.79,17.94,3.5,tilapia,1.9600981430747653,0.03431850612788871
8.79,17.94,3.5,tilapia,0.276834238234856,0.006262015261935676
6.02,21.0,3.48,rui,1.2528367115449743,0.024093615621507677
6.01,21.0,3.49,rui,1.0724413945242803,0.022986040923973154
6.0,21.0,3.48,rui,1.7832490177302784,0.03854218323762016
6.09,21.06,3.48,rui,1.5823963785342003,0.03326517055526003
6.93,21.0,3.47,rui,1.8799792085936218,0.03886754348914627
6.42,20.94,3.47,rui,1.125175829091129,0.022965161901432354
6.48,21.0,3.46,rui,1.9215812293836603,0.03926864627227891
7.0,21.0,3.46,rui,1.3750616864493268,0.02733481471234272
7.27,21.06,3.45,rui,0.22079259804550727,0.004597787880536045
7.24,21.0,3.44,rui,0.6216660671668384,0.014072025769067947
7.11,21.06,3.45,rui,0.5648486522394262,0.010654022092167363
7.6,20.94,3.45,rui,0.18434560928810084,0.00419370754590221
7.83,20.87,3.43,rui,0.7467938590112824,0.016276364957820234
7.75,21.06,3.41,rui,1.345161440186417,0.02717641601109321
7.5,20.87,3.37,rui,1.7465974455716318,0.03552345754578936
7.07,20.87,3.36,rui,0.758288385649809,0.016046126868052603
6.99,21.06,3.35,rui,1.0122926663734586,0.021828283751971253
6.87,21.06,3.33,rui,1.9947836400649155,0.04246658119621946
6.68,21.0,3.32,rui,0.6280213676948044,0.012436733520322613
6.95,21.06,3.31,rui,0.7015314154174894,0.01447382432317062
8.3,21.44,3.62,katla,1.8615493073919231,0.03931342264449798
8.15,21.5,3.62,katla,1.0748462617576655,0.024194844005569656
8.09,21.37,3.62,katla,0.8242546443842323,0.015640951649056822
7.99,21.44,3.61,katla,1.3366488559000682,0.030312901618570205
7.92,21.5,3.61,katla,1.1825011194472321,0.02534299654131555
7.96,21.37,3.61,katla,0.8606120670993421,0.019157518529361674
7.87,21.25,3.61,katla,0.9141754910563875,0.02005290714646656
7.7,21.31,3.6,katla,1.415397482289955,0.030145097949352027
7.54,21.12,3.6,katla,1.8230636861919642,0.03761743921989611
7.5,21.25,3.6,katla,0.9817146840821919,0.021363261127837176
7.43,21.19,3.61,katla,0.6180893852498708,0.014814324212006316
7.42,21.12,3.61,shrimp,1.4572626101760464,0.02881005587091055
7.26,21.25,3.62,shrimp,1.9405805318516187,0.041346624505335224
6.95,21.19,3.62,shrimp,1.0208798782254507,0.021025724989534828
6.78,21.25,3.62,shrimp,1.7023407402930062,0.0350318869612351
6.92,21.06,3.6,shrimp,0.22746024291930256,0.00403814494681625
6.87,21.19,3.6,shrimp,1.848464004325569,0.03819062034549685
6.51,21.19,3.61,shrimp,1.978441684148887,0.042867620912913046
7.02,21.25,3.61,shrimp,0.4086973163884954,0.008403555556948399
6.8,21.25,3.61,shrimp,1.8251328345578728,0.0384213508376475
6.02,21.06,3.56,silverCup,1.4453951515493995,0.030198105110663034
6.01,21.09,3.56,silverCup,1.445736250694595,0.027868620072993445
6.0,21.12,3.56,silverCup,0.8330688551887918,0.018131002552426476
6.09,21.06,3.56,silverCup,1.9066304487790806,0.04045320204328059
6.93,21.12,3.57,silverCup,1.011474775723992,0.0213787425118125
6.42,21.19,3.57,silverCup,1.497285263384467,0.03277803054523149
6.48,21.19,3.57,silverCup,0.5753681049841999,0.01215481957915788
7.0,21.12,3.57,silverCup,1.2225090809045698,0.025222011834904183
7.27,21.19,3.57,silverCup,0.4256171420482674,0.009130578329271258
7.24,21.06,3.56,silverCup,0.8395359522128392,0.019055468862625106
7.11,21.25,3.56,silverCup,0.9221838669668361,0.018278846349836966
7.6,21.12,3.56,silverCup,1.9281365213702217,0.04020968788148951
7.83,21.06,3.56,sing,0.5026791603347447,0.010905965657607623
7.75,21.25,3.57,sing,1.3971709822178633,0.03140635255537547
7.5,21.06,3.57,sing,0.13627089074431503,0.0023674718173567217
7.07,21.12,3.57,sing,1.0900162282527255,0.023792334490883384
6.99,21.19,3.56,sing,0.6459919083254545,0.01392381779539687
6.87,21.0,3.56,sing,0.10274876107615577,0.0021537590647232527
6.68,21.19,3.58,sing,0.8501007037316695,0.017424483629016874
6.95,21.12,3.58,sing,1.2199021745576306,0.02699854069892617
7.67,17.62,3.56,tilapia,1.3228895967268532,0.022990022771888986
8.39,17.5,3.56,tilapia,0.307179428982426,0.00436359725433701
8.24,17.56,3.55,tilapia,0.29476331186522425,0.005427093999889348
8.26,17.75,3.55,tilapia,1.2670991216399212,0.02284268540549736
8.23,17.56,3.55,tilapia,0.8679235131128795,0.016028472234957236
8.31,17.69,3.56,tilapia,0.6750683364242253,0.01180769032152012
8.38,17.69,3.56,tilapia,1.2577800826514651,0.023110645511709948
7.84,17.56,3.57,tilapia,0.43828361920330905,0.00809485609143815
6.7,17.5,3.56,tilapia,0.15708758813936585,0.003788373462410205
6.02,17.62,3.57,tilapia,1.0738399663216833,0.0219009769985641
8.16,17.62,3.55,tilapia,1.1156041664996592,0.02028028366649458
8.23,17.56,3.55,tilapia,0.3288010929220214,0.00517849564437199
7.96,17.62,3.56,tilapia,1.3669217070696258,0.025584592001394943
7.79,17.75,3.56,tilapia,1.0615634724387144,0.020136753230771375
7.88,17.75,3.55,tilapia,0.5533476369534658,0.009685107069429242
7.84,17.69,3.55,tilapia,0.8009443787720196,0.01516834263545759
8.18,17.69,3.56,tilapia,1.7331549274742322,0.03113846002684674
8.16,17.75,3.56,tilapia,0.48752971494598274,0.009447849024958967
8.32,17.56,3.56,tilapia,0.5377362963385043,0.007798825372938528
8.23,17.56,3.56,tilapia,0.9659129251285595,0.01714598844079874
8.65,17.75,3.44,tilapia,1.0659828499211699,0.01759656294483597
8.66,17.87,3.45,tilapia,0.22784095204597882,0.003981079844011862
8.74,17.94,3.41,tilapia,1.106379195072959,0.019507618868847616
8.57,17.87,3.46,tilapia,1.2581814811002294,0.022152385453656664
8.62,17.81,3.47,pangas,0.8292066095483631,0.01478550555028355
8.69,17.94,3.48,pangas,0.777448217749433,0.01157201311614067
8.73,17.81,3.45,pangas,0.9813842336570369,0.0157436557803514
8.63,17.94,3.46,pangas,1.6693482041108916,0.030342659737753176
8.66,17.94,3.44,pangas,1.5302612383824097,0.027956761017879878
8.75,18.0,3.47,pangas,0.5091022151453405,0.009050056525281196
8.77,17.94,3.47,pangas,1.2953321753338491,0.023534479856875172
8.78,18.0,3.48,pangas,0.7999866125401672,0.015696248302596243
8.81,17.94,3.43,pangas,1.48546082627775,0.02555570914499497
8.79,18.0,3.46,pangas,1.2111385069541754,0.02177485129852108
8.87,18.0,3.46,pangas,0.6757989402827856,0.010096396646336882
8.8,17.81,3.48,pangas,1.7208807846530108,0.031251921043962294
8.78,17.87,3.48,pangas,1.1901626024811607,0.023103828252572227
8.8,18.0,3.49,pangas,0.8983700017646962,0.015438868684974918
8.79,17.94,3.5,tilapia,1.4664803524955896,0.026339450392516107
8.79,17.94,3.5,tilapia,1.6618511687215356,0.03069643033558836
6.02,21.0,3.48,rui,0.9232150417216816,0.019217938787114447
6.01,21.0,3.49,rui,1.9680134668920257,0.04389238577077785
6.0,21.0,3.48,rui,1.8988336127249479,0.0395968086382399
6.09,21.06,3.48,rui,1.6657392049857915,0.03528667922259242
6.93,21.0,3.47,rui,0.778174358914226,0.018298888025336694
6.42,20.94,3.47,rui,0.5545296063606062,0.012979829709749965
6.48,21.0,3.46,rui,1.1189960087081492,0.023565960672622854
7.0,21.0,3.46,rui,1.8771757931156752,0.040614307376126556
7.27,21.06,3.45,rui,1.170089834082827,0.023102883767145237
7.24,21.0,3.44,rui,1.9676029608750687,0.039519320311282746
7.11,21.06,3.45,rui,1.8598793546185757,0.04054570966785599
7.6,20.94,3.45,rui,1.6341714959290274,0.03417225248227017
7.83,20.87,3.43,rui,1.832782449832504,0.03748901831068473
7.75,21.06,3.41,rui,1.1529902465023814,0.024067469255084864
7.5,20.87,3.37,rui,0.6626246932601381,0.015945351299864997
7.07,20.87,3.36,rui,1.3861745472716556,0.029124465538607945
6.99,21.06,3.35,rui,0.24798504148213849,0.003190121549958719
6.87,21.06,3.33,rui,1.121444232005085,0.024572853553344366
6.68,21.0,3.32,rui,1.8872019030554894,0.03970677748244568
6.95,21.06,3.31,rui,0.7126609197227318,0.014458232498077102
8.3,21.44,3.62,katla,1.905858573739667,0.04074217285840562
8.15,21.5,3.62,katla,0.5740585330138834,0.013578839178302627
8.09,21.37,3.62,katla,1.8004863459940665,0.0383065447740148
7.99,21.44,3.61,katla,1.500703876173349,0.03105138473308198
7.92,21.5,3.61,katla,0.1184076877510448,0.002262025433489907
7.96,21.37,3.61,katla,0.6815895741891089,0.016170964709925652
7.87,21.25,3.61,katla,0.5590683350204454,0.011925961930704223
7.7,21.31,3.6,katla,1.2329518054853548,0.026717641362081438
7.54,21.12,3.6,katla,1.500259760103841,0.03114184594133629
7.5,21.25,3.6,katla,1.587845686886325,0.032648136080752684
7.43,21.19,3.61,katla,0.42081819435520396,0.008216948988949717
7.42,21.12,3.61,shrimp,0.3409065546554302,0.006889543470290477
7.26,21.25,3.62,shrimp,0.25809610848364317,0.004394074794357498
6.95,21.19,3.62,shrimp,0.9357144335299477,0.01979680028560205
6.78,21.25,3.62,shrimp,0.48488703108556364,0.011111150254357842
6.92,21.06,3.6,shrimp,1.3203180037254671,0.026101470341532783
6.87,21.19,3.6,shrimp,0.43264707172402306,0.008448595296605594
6.51,21.19,3.61,shrimp,1.2987587981715394,0.028601057222533907
7.02,21.25,3.61,shrimp,0.6550861042969692,0.014471310408021514
6.8,21.25,3.61,shrimp,0.5045111693334898,0.01041544350920104
6.02,21.06,3.56,silverCup,0.43095666951304645,0.010980324540906696
6.01,21.09,3.56,silverCup,1.3736200106775325,0.029452082527362283
6.0,21.12,3.56,silverCup,0.19075682888826,0.005282380900845348
6.09,21.06,3.56,silverCup,1.1704714876504794,0.02463015064592889
6.93,21.12,3.57,silverCup,0.45857692775253145,0.009993295787558932
6.42,21.19,3.57,silverCup,1.5093759978950851,0.032194360601932995
6.48,21.19,3.57,silverCup,1.565067350669486,0.03316754172318998
7.0,21.12,3.57,silverCup,1.6840822317548203,0.0350229767913975
7.27,21.19,3.57,silverCup,0.2446075184950969,0.0063780764571923975
7.24,21.06,3.56,silverCup,0.9638094438959035,0.018696629882287673
7.11,21.25,3.56,silverCup,1.7898664179574255,0.03897504864989002
7.6,21.12,3.56,silverCup,0.41124271665742096,0.00945236023325471
7.83,21.06,3.56,sing,1.8191755347050227,0.03852309151255843
7.75,21.25,3.57,sing,1.7874691978796786,0.03826353719748883
7.5,21.06,3.57,sing,1.173009607934846,0.024347048219151984
7.07,21.12,3.57,sing,1.610708630554831,0.03440283481126141
6.99,21.19,3.56,sing,1.299186626517591,0.02929101494303045
6.87,21.0,3.56,sing,1.4245261319903206,0.031170602413916868
6.68,21.19,3.58,sing,0.9547900987891378,0.02024330767077078
6.95,21.12,3.58,sing,0.17372238513999194,0.006505640289936309
